trial,roc_auc,pr_auc,best_threshold,f1_best,precision_best,recall_best,tn,fp,fn,tp,subsample,reg_lambda,reg_alpha,num_leaves,n_estimators,min_split_gain,min_child_samples,max_depth,learning_rate,colsample_bytree
18,0.8890626353009092,0.784067690488902,0.7922708112978625,0.8138316451269977,0.9410339256865913,0.7169230769230769,38303,73,460,1165,0.9,0.3,0.0,127,1400,0.1,60,9,0.03,0.85
4,0.8889455749587081,0.7840620856250747,0.8989171825939954,0.8108108108103229,0.9604043807919124,0.7015384615384616,38329,47,485,1140,0.8,0.1,0.1,95,800,0.01,90,11,0.045,0.95
15,0.8918481903753949,0.7895952098686385,0.8673206852793296,0.8104936140830421,0.9229559748427673,0.7224615384615385,38278,98,451,1174,0.7,0.1,0.05,95,1400,0.06,120,-1,0.015,0.65
12,0.8902930517470855,0.7870664834599367,0.8919866848130348,0.8101802757153117,0.9518272425249169,0.7052307692307692,38318,58,479,1146,0.85,0.7,0.7,127,800,0.06,60,11,0.03,0.75
30,0.8911998845432241,0.7888688706042207,0.8852843355709683,0.8101788170559031,0.9181605611847233,0.7249230769230769,38271,105,447,1178,0.9,0.1,0.0,63,500,0.03,120,-1,0.045,0.65
9,0.8889378618046536,0.7847890378670971,0.792023885112011,0.8101178101173181,0.9270420301348137,0.7193846153846154,38284,92,456,1169,0.85,0.1,0.7,95,1400,0.1,90,13,0.03,0.95
3,0.8903853369894645,0.7871795011163834,0.8848947921876023,0.8099861303739878,0.9277204130262113,0.7187692307692307,38285,91,457,1168,1.0,2.0,0.7,127,500,0.03,40,13,0.03,0.65
24,0.8924204550921249,0.7879986095173932,0.8717024334192506,0.8089655172408866,0.92,0.7218461538461538,38274,102,452,1173,0.7,0.0,0.3,127,500,0.0,40,13,0.03,0.75
7,0.8912139798912783,0.7868258547349798,0.8486229961173732,0.808149405772001,0.9015151515151515,0.7323076923076923,38246,130,435,1190,0.85,0.3,0.0,47,500,0.1,20,9,0.06,0.75
10,0.8935559564471384,0.789053572782022,0.9016250996307991,0.8075842696624312,0.9403107113654947,0.7076923076923077,38303,73,475,1150,0.85,2.0,0.7,47,1100,0.03,20,13,0.045,1.0
5,0.8921613989512677,0.7864832619869598,0.9118922774926783,0.8069429684727669,0.9507512520868113,0.7009230769230769,38317,59,486,1139,1.0,0.7,0.7,31,1400,0.06,40,7,0.03,0.85
17,0.8925510976411538,0.7873452766454494,0.9042163955751085,0.8068941259228306,0.9417077175697866,0.7058461538461539,38305,71,478,1147,0.85,1.0,0.05,31,800,0.03,120,9,0.02,0.65
27,0.8880731707317073,0.7845660878867428,0.9147435587980991,0.8068820224714199,0.9394930498773508,0.707076923076923,38302,74,476,1149,0.7,0.3,0.0,127,500,0.06,20,11,0.02,1.0
28,0.8908455925979379,0.7861726243390665,0.921026662509485,0.8065550409685186,0.9576988155668359,0.6966153846153846,38326,50,493,1132,0.8,0.0,0.7,31,1100,0.01,120,9,0.02,0.75
20,0.8888914064880293,0.7860738308637654,0.898108454771879,0.8061581525537429,0.9343065693430657,0.7089230769230769,38295,81,473,1152,1.0,0.1,0.3,95,800,0.1,120,7,0.03,0.85
11,0.8928573307034846,0.7878162043206007,0.8898987719951108,0.8059289900029543,0.9161442006269592,0.7193846153846154,38269,107,456,1169,0.9,0.3,0.7,47,1100,0.01,180,11,0.015,0.75
8,0.8922347621109348,0.7870069310605802,0.8838264418944026,0.8058353594993345,0.9250398724082934,0.7138461538461538,38282,94,465,1160,0.7,0.1,0.0,63,500,0.06,60,7,0.02,0.75
22,0.8912772245473933,0.7875175900601115,0.9189158014136085,0.8054073283524116,0.954468802698145,0.6966153846153846,38322,54,493,1132,0.8,0.7,1.0,63,800,0.1,40,7,0.03,0.75
23,0.894736229374128,0.7870637534716177,0.9199028998886692,0.8052594171992277,0.9529015979814971,0.6972307692307692,38320,56,492,1133,0.7,1.0,1.0,15,1100,0.06,20,11,0.045,0.85
13,0.8892802392520966,0.7855596504599988,0.8730308307849006,0.8050964187322894,0.9139953088350273,0.7193846153846154,38266,110,456,1169,1.0,0.1,0.0,15,800,0.1,120,5,0.06,0.65
6,0.8922445599012204,0.7868403699941084,0.879927762006905,0.8048192771079408,0.91328125,0.7193846153846154,38265,111,456,1169,0.7,0.0,0.3,15,1400,0.01,40,9,0.045,0.85
2,0.893478504193326,0.7873633933560079,0.883582713098357,0.8041450777197147,0.9165354330708662,0.7163076923076923,38270,106,461,1164,0.85,0.3,0.7,95,500,0.03,120,-1,0.03,0.95
19,0.8904074822405029,0.7864583102641143,0.9020210937971953,0.8039492242590311,0.9413707679603633,0.7015384615384616,38305,71,485,1140,1.0,0.1,0.0,31,800,0.01,120,5,0.03,0.75
26,0.8927094337807283,0.7860642807839094,0.9020829030765746,0.8036723163836915,0.9428334714167357,0.7003076923076923,38307,69,487,1138,0.85,0.1,0.05,95,1400,0.03,90,5,0.02,0.95
25,0.8950715350940491,0.7849445750164494,0.9051052454131339,0.8030996829864777,0.9390444810543658,0.7015384615384616,38302,74,485,1140,0.9,0.3,1.0,15,800,0.1,20,-1,0.03,0.95
21,0.8934930485399529,0.786306033973712,0.9061968164198734,0.8022519352563716,0.9367296631059984,0.7015384615384616,38299,77,485,1140,0.9,0.1,0.0,47,500,0.1,120,13,0.02,0.85
29,0.8930505925177595,0.7848960935010076,0.899302047348549,0.8021015761816461,0.9308943089430894,0.7046153846153846,38291,85,480,1145,0.7,1.0,0.05,15,500,0.01,90,-1,0.06,1.0
14,0.8932665768669521,0.7850210663571952,0.9015053240899826,0.8018207282908261,0.9301380991064175,0.7046153846153846,38290,86,480,1145,0.8,1.0,1.0,31,500,0.0,180,11,0.02,0.85
16,0.8906739789291385,0.7857104685755183,0.9236064141113722,0.801138384915912,0.9494097807757167,0.692923076923077,38316,60,499,1126,0.8,2.0,0.05,127,800,0.0,40,9,0.015,1.0
1,0.8940705889899137,0.785430831647266,0.9044365959487546,0.8002798181177323,0.9270664505672609,0.704,38286,90,481,1144,0.9,0.7,0.7,31,1100,0.0,40,11,0.015,1.0
